vendor_id,trip_count,total_passengers,total_distance,total_amount_sum
1,87,101,394.29999962449074,1976.6299829483032
2,179,242,744.6499975193292,3709.1699678897858
